ID,Idade,Data da Coleta,Resultado,Exames alterados (LSIL/HSIL/ASC-H/AGC/ASC-US),75,faixa,alterado
1.0,44,2024-01-03,NEGATIVO,Média de idade (geral),44.84427032,40-49,False
2.0,45,2024-01-04,NEGATIVO,,,40-49,False
3.0,34,2024-01-04,NEGATIVO,,,30-39,False
4.0,47,2024-01-05,NEGATIVO,,,40-49,False
5.0,47,2024-01-08,NEGATIVO,Categoria,Quantidade,40-49,False
6.0,38,2024-01-08,NEGATIVO,Negativo,939,30-39,False
7.0,53,2024-01-08,NEGATIVO,Alterado,75,50+,False
8.0,44,2024-01-08,NEGATIVO,,,40-49,False
9.0,44,2024-01-09,NEGATIVO,,,40-49,False
10.0,37,2024-01-09,NEGATIVO,,,30-39,False
,27,2024-01-09,NEGATIVO,,,20-29,False
,58,2024-01-09,NEGATIVO,,,50+,False
,46,2024-01-09,NEGATIVO,,,40-49,False
,44,2024-01-09,NEGATIVO,,,40-49,False
,50,2024-01-10,NEGATIVO,,,50+,False
,35,2024-01-10,NEGATIVO,,,30-39,False
,46,2024-01-11,NEGATIVO,,,40-49,False
,48,2024-01-12,NEGATIVO,,,40-49,False
,40,2024-01-12,NEGATIVO,,,40-49,False
,30,2024-01-12,NEGATIVO,,,30-39,False
,46,2024-01-15,NEGATIVO,,,40-49,False
,47,2024-01-15,NEGATIVO,,,40-49,False
,45,2024-01-16,NEGATIVO,,,40-49,False
,42,2024-01-16,NEGATIVO,,,40-49,False
,43,2024-01-16,NEGATIVO,,,40-49,False
,45,2024-01-16,NEGATIVO,,,40-49,False
,45,2024-01-16,NEGATIVO,,,40-49,False
,58,2024-01-16,NEGATIVO,,,50+,False
,57,2024-01-16,NEGATIVO,,,50+,False
,57,2024-01-17,ASC-H,,,50+,True
,44,2024-01-17,NEGATIVO,,,40-49,False
,47,2024-01-17,NEGATIVO,,,40-49,False
,62,2024-01-17,INSATISFAT,,,50+,True
,55,2024-01-17,NEGATIVO,,,50+,False
,42,2024-01-17,NEGATIVO,,,40-49,False
,51,2024-01-17,NEGATIVO,,,50+,False
,39,2024-01-17,NEGATIVO,,,30-39,False
,43,2024-01-18,HSIL,,,40-49,True
,44,2024-01-18,ASC-H,,,40-49,True
,50,2024-01-18,NEGATIVO,,,50+,False
,43,2024-01-18,NEGATIVO,,,40-49,False
,62,2024-01-18,NEGATIVO,,,50+,False
,56,2024-01-18,NEGATIVO,,,50+,False
,56,2024-01-18,NEGATIVO,,,50+,False
,65,2024-01-18,NEGATIVO,,,50+,False
,42,2024-01-19,INSATISFAT,,,40-49,True
,55,2024-01-19,NEGATIVO,,,50+,False
,57,2024-01-19,NEGATIVO,,,50+,False
,48,2024-01-19,NEGATIVO,,,40-49,False
,43,2024-01-19,LSIL,,,40-49,True
,65,2024-01-22,ASC-H,,,50+,True
,54,2024-01-24,NEGATIVO,,,50+,False
,49,2024-01-24,NEGATIVO,,,40-49,False
,36,2024-01-24,NEGATIVO,,,30-39,False
,48,2024-01-24,NEGATIVO,,,40-49,False
,49,2024-01-25,NEGATIVO,,,40-49,False
,42,2024-01-26,NEGATIVO,,,40-49,False
,26,2024-01-26,NEGATIVO,,,20-29,False
,56,2024-01-26,NEGATIVO,,,50+,False
,49,2024-01-26,NEGATIVO,,,40-49,False
,43,2024-01-29,NEGATIVO,,,40-49,False
,56,2024-01-29,NEGATIVO,,,50+,False
,45,2024-01-29,NEGATIVO,,,40-49,False
,53,2024-01-29,NEGATIVO,,,50+,False
,37,2024-01-29,NEGATIVO,,,30-39,False
,47,2024-01-30,NEGATIVO,,,40-49,False
,43,2024-01-30,ASC-H,,,40-49,True
,52,2024-01-30,NEGATIVO,,,50+,False
,39,2024-02-01,NEGATIVO,,,30-39,False
,41,2024-02-01,NEGATIVO,,,40-49,False
,40,2024-02-01,NEGATIVO,,,40-49,False
,29,2024-02-01,NEGATIVO,,,20-29,False
,47,2024-02-02,NEGATIVO,,,40-49,False
,55,2024-02-02,NEGATIVO,,,50+,False
,43,2024-02-05,NEGATIVO,,,40-49,False
,39,2024-02-05,NEGATIVO,,,30-39,False
,40,2024-02-05,NEGATIVO,,,40-49,False
,44,2024-02-05,ASC-H,,,40-49,True
,29,2024-02-05,NEGATIVO,,,20-29,False
,57,2024-02-05,NEGATIVO,,,50+,False
,37,2024-02-05,NEGATIVO,,,30-39,False
,35,2024-02-05,NEGATIVO,,,30-39,False
,62,2024-02-05,NEGATIVO,,,50+,False
,34,2024-02-06,NEGATIVO,,,30-39,False
,50,2024-02-06,NEGATIVO,,,50+,False
,51,2024-02-07,ASC-US,,,50+,True
,46,2024-02-07,NEGATIVO,,,40-49,False
,49,2024-02-07,NEGATIVO,,,40-49,False
,35,2024-02-08,NEGATIVO,,,30-39,False
,52,2024-02-08,NEGATIVO,,,50+,False
,55,2024-02-08,NEGATIVO,,,50+,False
,41,2024-02-09,NEGATIVO,,,40-49,False
,27,2024-02-09,ASC-US,,,20-29,True
,47,2024-02-09,NEGATIVO,,,40-49,False
,46,2024-02-14,NEGATIVO,,,40-49,False
,38,2024-02-14,NEGATIVO,,,30-39,False
,38,2024-02-14,NEGATIVO,,,30-39,False
,47,2024-02-15,NEGATIVO,,,40-49,False
,37,2024-02-15,AGC-US,,,30-39,True
,55,2024-02-15,NEGATIVO,,,50+,False
,52,2024-02-15,NEGATIVO,,,50+,False
,39,2024-02-15,NEGATIVO,,,30-39,False
,49,2024-02-16,NEGATIVO,,,40-49,False
,29,2024-02-19,NEGATIVO,,,20-29,False
,43,2024-02-19,NEGATIVO,,,40-49,False
,44,2024-02-19,NEGATIVO,,,40-49,False
,27,2024-02-19,NEGATIVO,,,20-29,False
,45,2024-02-19,NEGATIVO,,,40-49,False
,49,2024-02-19,NEGATIVO,,,40-49,False
,45,2024-02-20,NEGATIVO,,,40-49,False
,45,2024-02-20,NEGATIVO,,,40-49,False
,48,2024-02-20,NEGATIVO,,,40-49,False
,55,2024-02-20,NEGATIVO,,,50+,False
,60,2024-02-21,NEGATIVO,,,50+,False
,59,2024-02-21,NEGATIVO,,,50+,False
,43,2024-02-22,NEGATIVO,,,40-49,False
,42,2024-02-22,NEGATIVO,,,40-49,False
,37,2024-02-23,NEGATIVO,,,30-39,False
,42,2024-02-23,NEGATIVO,,,40-49,False
,48,2024-02-23,NEGATIVO,,,40-49,False
,43,2024-02-23,NEGATIVO,,,40-49,False
,38,2024-02-23,NEGATIVO,,,30-39,False
,56,2024-02-26,NEGATIVO,,,50+,False
,35,2024-02-26,NEGATIVO,,,30-39,False
,52,2024-02-27,NEGATIVO,,,50+,False
,45,2024-02-27,NEGATIVO,,,40-49,False
,51,2024-02-28,NEGATIVO,,,50+,False
,45,2024-02-28,NEGATIVO,,,40-49,False
,58,2024-02-29,NEGATIVO,,,50+,False
,44,2024-02-29,NEGATIVO,,,40-49,False
,54,2024-02-29,NEGATIVO,,,50+,False
,64,2024-03-01,NEGATIVO,,,50+,False
,44,2024-03-01,NEGATIVO,,,40-49,False
,31,2024-03-04,NEGATIVO,,,30-39,False
,42,2024-03-04,NEGATIVO,,,40-49,False
,46,2024-03-05,NEGATIVO,,,40-49,False
,45,2024-03-05,NEGATIVO,,,40-49,False
,54,2024-03-05,NEGATIVO,,,50+,False
,49,2024-03-06,NEGATIVO,,,40-49,False
,61,2024-03-06,NEGATIVO,,,50+,False
,63,2024-03-06,NEGATIVO,,,50+,False
,49,2024-03-06,NEGATIVO,,,40-49,False
,50,2024-03-06,NEGATIVO,,,50+,False
,46,2024-03-06,HSIL,,,40-49,True
,45,2024-03-07,NEGATIVO,,,40-49,False
,49,2024-03-07,NEGATIVO,,,40-49,False
,28,2024-03-07,NEGATIVO,,,20-29,False
,45,2024-03-07,NEGATIVO,,,40-49,False
,31,2024-03-07,NEGATIVO,,,30-39,False
,60,2024-03-07,LSIL,,,50+,True
,57,2024-03-07,NEGATIVO,,,50+,False
,61,2024-03-08,NEGATIVO,,,50+,False
,63,2024-03-08,NEGATIVO,,,50+,False
,37,2024-03-08,NEGATIVO,,,30-39,False
,50,2024-03-11,ASC-US,,,50+,True
,56,2024-03-11,NEGATIVO,,,50+,False
,61,2024-03-11,NEGATIVO,,,50+,False
,42,2024-03-11,NEGATIVO,,,40-49,False
,60,2024-03-11,NEGATIVO,,,50+,False
,43,2024-03-11,NEGATIVO,,,40-49,False
,50,2024-03-12,NEGATIVO,,,50+,False
,31,2024-03-13,NEGATIVO,,,30-39,False
,41,2024-03-13,NEGATIVO,,,40-49,False
,43,2024-03-14,NEGATIVO,,,40-49,False
,26,2024-03-14,NEGATIVO,,,20-29,False
,53,2024-03-14,NEGATIVO,,,50+,False
,30,2024-03-14,NEGATIVO,,,30-39,False
,42,2024-03-14,NEGATIVO,,,40-49,False
,56,2024-03-14,NEGATIVO,,,50+,False
,56,2024-03-14,NEGATIVO,,,50+,False
,40,2024-03-14,NEGATIVO,,,40-49,False
,59,2024-03-15,NEGATIVO,,,50+,False
,44,2024-03-15,NEGATIVO,,,40-49,False
,42,2024-03-20,NEGATIVO,,,40-49,False
,51,2024-03-20,NEGATIVO,,,50+,False
,50,2024-03-21,NEGATIVO,,,50+,False
,47,2024-03-21,NEGATIVO,,,40-49,False
,45,2024-03-21,ASC-US,,,40-49,True
,55,2024-03-22,NEGATIVO,,,50+,False
,32,2024-03-22,NEGATIVO,,,30-39,False
,66,2024-03-22,NEGATIVO,,,50+,False
,38,2024-03-22,NEGATIVO,,,30-39,False
,37,2024-03-25,NEGATIVO,,,30-39,False
,64,2024-03-25,HSIL,,,50+,True
,39,2024-03-25,NEGATIVO,,,30-39,False
,41,2024-03-25,NEGATIVO,,,40-49,False
,42,2024-03-25,NEGATIVO,,,40-49,False
,43,2024-03-26,NEGATIVO,,,40-49,False
,36,2024-03-26,NEGATIVO,,,30-39,False
,57,2024-03-27,NEGATIVO,,,50+,False
,54,2024-03-27,NEGATIVO,,,50+,False
,48,2024-03-28,NEGATIVO,,,40-49,False
,31,2024-03-28,NEGATIVO,,,30-39,False
,51,2024-04-01,NEGATIVO,,,50+,False
,58,2024-04-02,NEGATIVO,,,50+,False
,40,2024-04-02,NEGATIVO,,,40-49,False
,45,2024-04-02,NEGATIVO,,,40-49,False
,60,2024-04-03,INSATISFAT,,,50+,True
,53,2024-04-03,LSIL,,,50+,True
,52,2024-04-03,NEGATIVO,,,50+,False
,35,2024-04-04,NEGATIVO,,,30-39,False
,31,2024-04-04,NEGATIVO,,,30-39,False
,53,2024-04-04,ASC-US,,,50+,True
,30,2024-04-05,NEGATIVO,,,30-39,False
,31,2024-04-05,NEGATIVO,,,30-39,False
,56,2024-04-05,NEGATIVO,,,50+,False
,28,2024-04-05,NEGATIVO,,,20-29,False
,32,2024-04-05,NEGATIVO,,,30-39,False
,42,2024-04-08,NEGATIVO,,,40-49,False
,62,2024-04-08,NEGATIVO,,,50+,False
,60,2024-04-08,NEGATIVO,,,50+,False
,55,2024-04-09,NEGATIVO,,,50+,False
,43,2024-04-10,NEGATIVO,,,40-49,False
,40,2024-04-10,NEGATIVO,,,40-49,False
,40,2024-04-10,NEGATIVO,,,40-49,False
,45,2024-04-10,NEGATIVO,,,40-49,False
,30,2024-04-11,NEGATIVO,,,30-39,False
,46,2024-04-11,HSIL,,,40-49,True
,36,2024-04-11,NEGATIVO,,,30-39,False
,32,2024-04-11,ASC-US,,,30-39,True
,43,2024-04-11,NEGATIVO,,,40-49,False
,50,2024-04-12,NEGATIVO,,,50+,False
,50,2024-04-12,NEGATIVO,,,50+,False
,33,2024-04-12,NEGATIVO,,,30-39,False
,32,2024-04-15,ASC-H,,,30-39,True
,48,2024-04-15,NEGATIVO,,,40-49,False
,46,2024-04-15,NEGATIVO,,,40-49,False
,54,2024-04-15,NEGATIVO,,,50+,False
,31,2024-04-15,ASC-H,,,30-39,True
,51,2024-04-16,NEGATIVO,,,50+,False
,58,2024-04-16,NEGATIVO,,,50+,False
,50,2024-04-16,NEGATIVO,,,50+,False
,64,2024-04-17,NEGATIVO,,,50+,False
,37,2024-04-17,NEGATIVO,,,30-39,False
,41,2024-04-17,NEGATIVO,,,40-49,False
,49,2024-04-17,NEGATIVO,,,40-49,False
,27,2024-04-17,HSIL,,,20-29,True
,40,2024-04-17,NEGATIVO,,,40-49,False
,54,2024-04-17,NEGATIVO,,,50+,False
,53,2024-04-17,NEGATIVO,,,50+,False
,50,2024-04-18,NEGATIVO,,,50+,False
,38,2024-04-18,NEGATIVO,,,30-39,False
,46,2024-04-18,NEGATIVO,,,40-49,False
,52,2024-04-18,ASC-H,,,50+,True
,43,2024-04-19,NEGATIVO,,,40-49,False
,57,2024-04-19,NEGATIVO,,,50+,False
,56,2024-04-19,NEGATIVO,,,50+,False
,60,2024-04-19,NEGATIVO,,,50+,False
,33,2024-04-22,NEGATIVO,,,30-39,False
,56,2024-04-22,NEGATIVO,,,50+,False
,27,2024-04-23,ASC-H,,,20-29,True
,33,2024-04-23,NEGATIVO,,,30-39,False
,62,2024-04-23,NEGATIVO,,,50+,False
,53,2024-04-23,NEGATIVO,,,50+,False
,62,2024-04-24,NEGATIVO,,,50+,False
,42,2024-04-24,LSIL,,,40-49,True
,51,2024-04-24,NEGATIVO,,,50+,False
,64,2024-04-24,NEGATIVO,,,50+,False
,44,2024-04-24,NEGATIVO,,,40-49,False
,53,2024-04-24,NEGATIVO,,,50+,False
,44,2024-04-24,NEGATIVO,,,40-49,False
,59,2024-04-25,NEGATIVO,,,50+,False
,53,2024-04-25,NEGATIVO,,,50+,False
,40,2024-04-25,HSIL,,,40-49,True
,33,2024-04-25,NEGATIVO,,,30-39,False
,45,2024-04-25,NEGATIVO,,,40-49,False
,44,2024-04-25,NEGATIVO,,,40-49,False
,35,2024-04-26,ASC-H,,,30-39,True
,52,2024-04-26,NEGATIVO,,,50+,False
,50,2024-04-26,NEGATIVO,,,50+,False
,30,2024-04-26,ASC-US,,,30-39,True
,52,2024-04-29,NEGATIVO,,,50+,False
,48,2024-04-29,NEGATIVO,,,40-49,False
,39,2024-04-29,NEGATIVO,,,30-39,False
,44,2024-04-29,NEGATIVO,,,40-49,False
,39,2024-04-29,NEGATIVO,,,30-39,False
,26,2024-04-29,ASC-H,,,20-29,True
,47,2024-04-29,NEGATIVO,,,40-49,False
,41,2024-04-30,NEGATIVO,,,40-49,False
,50,2024-04-30,NEGATIVO,,,50+,False
,52,2024-04-30,NEGATIVO,,,50+,False
,57,2024-04-30,NEGATIVO,,,50+,False
,66,2024-04-30,LSIL,,,50+,True
,64,2024-04-30,NEGATIVO,,,50+,False
,54,2024-05-02,NEGATIVO,,,50+,False
,31,2024-05-02,NEGATIVO,,,30-39,False
,38,2024-05-02,NEGATIVO,,,30-39,False
,44,2024-05-02,NEGATIVO,,,40-49,False
,26,2024-05-03,NEGATIVO,,,20-29,False
,30,2024-05-03,NEGATIVO,,,30-39,False
,43,2024-05-06,NEGATIVO,,,40-49,False
,58,2024-05-06,NEGATIVO,,,50+,False
,57,2024-05-06,NEGATIVO,,,50+,False
,29,2024-05-06,NEGATIVO,,,20-29,False
,41,2024-05-07,NEGATIVO,,,40-49,False
,65,2024-05-07,NEGATIVO,,,50+,False
,61,2024-05-07,NEGATIVO,,,50+,False
,58,2024-05-07,NEGATIVO,,,50+,False
,44,2024-05-07,NEGATIVO,,,40-49,False
,38,2024-05-07,NEGATIVO,,,30-39,False
,54,2024-05-08,NEGATIVO,,,50+,False
,42,2024-05-09,NEGATIVO,,,40-49,False
,60,2024-05-09,NEGATIVO,,,50+,False
,52,2024-05-09,NEGATIVO,,,50+,False
,48,2024-05-09,NEGATIVO,,,40-49,False
,50,2024-05-09,NEGATIVO,,,50+,False
,26,2024-05-09,NEGATIVO,,,20-29,False
,55,2024-05-10,NEGATIVO,,,50+,False
,44,2024-05-10,NEGATIVO,,,40-49,False
,35,2024-05-10,NEGATIVO,,,30-39,False
,61,2024-05-10,NEGATIVO,,,50+,False
,35,2024-05-10,NEGATIVO,,,30-39,False
,38,2024-05-10,NEGATIVO,,,30-39,False
,60,2024-05-10,NEGATIVO,,,50+,False
,51,2024-05-10,NEGATIVO,,,50+,False
,30,2024-05-13,NEGATIVO,,,30-39,False
,52,2024-05-13,NEGATIVO,,,50+,False
,47,2024-05-13,NEGATIVO,,,40-49,False
,44,2024-05-14,NEGATIVO,,,40-49,False
,64,2024-05-14,NEGATIVO,,,50+,False
,49,2024-05-16,NEGATIVO,,,40-49,False
,37,2024-05-16,NEGATIVO,,,30-39,False
,35,2024-05-16,HSIL,,,30-39,True
,27,2024-05-16,ASC-H,,,20-29,True
,60,2024-05-16,NEGATIVO,,,50+,False
,26,2024-05-16,NEGATIVO,,,20-29,False
,45,2024-05-17,NEGATIVO,,,40-49,False
,43,2024-05-17,NEGATIVO,,,40-49,False
,49,2024-05-17,NEGATIVO,,,40-49,False
,36,2024-05-17,NEGATIVO,,,30-39,False
,37,2024-05-17,NEGATIVO,,,30-39,False
,59,2024-05-20,NEGATIVO,,,50+,False
,32,2024-05-20,NEGATIVO,,,30-39,False
,27,2024-05-21,NEGATIVO,,,20-29,False
,42,2024-05-21,NEGATIVO,,,40-49,False
,53,2024-05-21,NEGATIVO,,,50+,False
,54,2024-05-21,NEGATIVO,,,50+,False
,60,2024-05-21,NEGATIVO,,,50+,False
,45,2024-05-22,NEGATIVO,,,40-49,False
,54,2024-05-22,NEGATIVO,,,50+,False
,35,2024-05-22,NEGATIVO,,,30-39,False
,49,2024-05-22,NEGATIVO,,,40-49,False
,43,2024-05-22,NEGATIVO,,,40-49,False
,41,2024-05-22,NEGATIVO,,,40-49,False
,51,2024-05-23,NEGATIVO,,,50+,False
,29,2024-05-23,NEGATIVO,,,20-29,False
,41,2024-05-24,NEGATIVO,,,40-49,False
,29,2024-05-24,NEGATIVO,,,20-29,False
,41,2024-05-24,NEGATIVO,,,40-49,False
,55,2024-05-27,NEGATIVO,,,50+,False
,45,2024-05-27,NEGATIVO,,,40-49,False
,32,2024-05-27,HSIL,,,30-39,True
,57,2024-05-27,NEGATIVO,,,50+,False
,30,2024-05-27,NEGATIVO,,,30-39,False
,41,2024-05-27,NEGATIVO,,,40-49,False
,48,2024-05-28,NEGATIVO,,,40-49,False
,46,2024-05-28,NEGATIVO,,,40-49,False
,49,2024-05-28,NEGATIVO,,,40-49,False
,30,2024-05-29,NEGATIVO,,,30-39,False
,29,2024-05-29,NEGATIVO,,,20-29,False
,41,2024-05-29,NEGATIVO,,,40-49,False
,28,2024-05-29,ASC-US,,,20-29,True
,49,2024-06-03,HSIL,,,40-49,True
,51,2024-06-05,NEGATIVO,,,50+,False
,57,2024-06-05,NEGATIVO,,,50+,False
,59,2024-06-06,NEGATIVO,,,50+,False
,46,2024-06-06,NEGATIVO,,,40-49,False
,65,2024-06-06,NEGATIVO,,,50+,False
,56,2024-06-06,NEGATIVO,,,50+,False
,42,2024-06-07,NEGATIVO,,,40-49,False
,54,2024-06-07,NEGATIVO,,,50+,False
,52,2024-06-07,NEGATIVO,,,50+,False
,47,2024-06-10,NEGATIVO,,,40-49,False
,44,2024-06-10,NEGATIVO,,,40-49,False
,55,2024-06-10,NEGATIVO,,,50+,False
,47,2024-06-11,NEGATIVO,,,40-49,False
,49,2024-06-11,NEGATIVO,,,40-49,False
,57,2024-06-11,NEGATIVO,,,50+,False
,46,2024-06-11,NEGATIVO,,,40-49,False
,48,2024-06-12,NEGATIVO,,,40-49,False
,39,2024-06-12,NEGATIVO,,,30-39,False
,44,2024-06-12,NEGATIVO,,,40-49,False
,32,2024-06-13,NEGATIVO,,,30-39,False
,41,2024-06-13,NEGATIVO,,,40-49,False
,42,2024-06-14,NEGATIVO,,,40-49,False
,59,2024-06-14,NEGATIVO,,,50+,False
,49,2024-06-14,NEGATIVO,,,40-49,False
,61,2024-06-14,NEGATIVO,,,50+,False
,47,2024-06-14,NEGATIVO,,,40-49,False
,31,2024-06-14,NEGATIVO,,,30-39,False
,57,2024-06-14,NEGATIVO,,,50+,False
,30,2024-06-14,NEGATIVO,,,30-39,False
,40,2024-06-17,NEGATIVO,,,40-49,False
,48,2024-06-17,NEGATIVO,,,40-49,False
,56,2024-06-19,NEGATIVO,,,50+,False
,34,2024-06-20,NEGATIVO,,,30-39,False
,44,2024-06-20,NEGATIVO,,,40-49,False
,56,2024-06-20,NEGATIVO,,,50+,False
,62,2024-06-20,NEGATIVO,,,50+,False
,36,2024-06-21,NEGATIVO,,,30-39,False
,52,2024-06-24,NEGATIVO,,,50+,False
,51,2024-06-26,NEGATIVO,,,50+,False
,57,2024-06-26,NEGATIVO,,,50+,False
,38,2024-06-26,NEGATIVO,,,30-39,False
,42,2024-06-27,NEGATIVO,,,40-49,False
,50,2024-06-27,NEGATIVO,,,50+,False
,28,2024-06-27,NEGATIVO,,,20-29,False
,50,2024-06-27,NEGATIVO,,,50+,False
,45,2024-06-28,NEGATIVO,,,40-49,False
,42,2024-06-28,NEGATIVO,,,40-49,False
,33,2024-07-01,NEGATIVO,,,30-39,False
,50,2024-07-01,NEGATIVO,,,50+,False
,44,2024-07-01,NEGATIVO,,,40-49,False
,64,2024-07-01,NEGATIVO,,,50+,False
,39,2024-07-02,NEGATIVO,,,30-39,False
,36,2024-07-02,NEGATIVO,,,30-39,False
,56,2024-07-02,NEGATIVO,,,50+,False
,46,2024-07-04,NEGATIVO,,,40-49,False
,58,2024-07-04,NEGATIVO,,,50+,False
,46,2024-07-08,NEGATIVO,,,40-49,False
,58,2024-07-08,ASC-H,,,50+,True
,34,2024-07-08,NEGATIVO,,,30-39,False
,41,2024-07-08,ASC-US,,,40-49,True
,49,2024-07-08,NEGATIVO,,,40-49,False
,43,2024-07-08,NEGATIVO,,,40-49,False
,47,2024-07-08,NEGATIVO,,,40-49,False
,62,2024-07-08,NEGATIVO,,,50+,False
,37,2024-07-08,NEGATIVO,,,30-39,False
,58,2024-07-08,NEGATIVO,,,50+,False
,51,2024-07-09,NEGATIVO,,,50+,False
,31,2024-07-09,NEGATIVO,,,30-39,False
,46,2024-07-09,NEGATIVO,,,40-49,False
,42,2024-07-09,NEGATIVO,,,40-49,False
,49,2024-07-09,NEGATIVO,,,40-49,False
,53,2024-07-09,NEGATIVO,,,50+,False
,50,2024-07-09,NEGATIVO,,,50+,False
,47,2024-07-10,NEGATIVO,,,40-49,False
,36,2024-07-10,NEGATIVO,,,30-39,False
,48,2024-07-10,NEGATIVO,,,40-49,False
,42,2024-07-10,NEGATIVO,,,40-49,False
,33,2024-07-10,NEGATIVO,,,30-39,False
,49,2024-07-10,NEGATIVO,,,40-49,False
,48,2024-07-10,NEGATIVO,,,40-49,False
,53,2024-07-11,NEGATIVO,,,50+,False
,40,2024-07-11,NEGATIVO,,,40-49,False
,43,2024-07-11,LSIL,,,40-49,True
,42,2024-07-11,NEGATIVO,,,40-49,False
,57,2024-07-11,ASC-US,,,50+,True
,55,2024-07-11,NEGATIVO,,,50+,False
,46,2024-07-12,NEGATIVO,,,40-49,False
,40,2024-07-12,NEGATIVO,,,40-49,False
,39,2024-07-12,NEGATIVO,,,30-39,False
,50,2024-07-12,NEGATIVO,,,50+,False
,33,2024-07-15,NEGATIVO,,,30-39,False
,26,2024-07-15,NEGATIVO,,,20-29,False
,50,2024-07-15,NEGATIVO,,,50+,False
,45,2024-07-15,NEGATIVO,,,40-49,False
,39,2024-07-15,NEGATIVO,,,30-39,False
,53,2024-07-15,NEGATIVO,,,50+,False
,36,2024-07-15,NEGATIVO,,,30-39,False
,35,2024-07-16,NEGATIVO,,,30-39,False
,48,2024-07-16,NEGATIVO,,,40-49,False
,34,2024-07-16,NEGATIVO,,,30-39,False
,30,2024-07-16,NEGATIVO,,,30-39,False
,53,2024-07-16,NEGATIVO,,,50+,False
,41,2024-07-17,ASC-H,,,40-49,True
,40,2024-07-17,NEGATIVO,,,40-49,False
,37,2024-07-17,NEGATIVO,,,30-39,False
,36,2024-07-17,NEGATIVO,,,30-39,False
,52,2024-07-17,NEGATIVO,,,50+,False
,53,2024-07-17,NEGATIVO,,,50+,False
,55,2024-07-17,NEGATIVO,,,50+,False
,51,2024-07-17,NEGATIVO,,,50+,False
,48,2024-07-18,NEGATIVO,,,40-49,False
,42,2024-07-18,NEGATIVO,,,40-49,False
,56,2024-07-18,NEGATIVO,,,50+,False
,38,2024-07-18,NEGATIVO,,,30-39,False
,35,2024-07-18,NEGATIVO,,,30-39,False
,42,2024-07-18,NEGATIVO,,,40-49,False
,64,2024-07-18,NEGATIVO,,,50+,False
,34,2024-07-18,NEGATIVO,,,30-39,False
,44,2024-07-19,NEGATIVO,,,40-49,False
,27,2024-07-19,NEGATIVO,,,20-29,False
,37,2024-07-19,HSIL,,,30-39,True
,29,2024-07-19,NEGATIVO,,,20-29,False
,33,2024-07-19,NEGATIVO,,,30-39,False
,57,2024-07-22,NEGATIVO,,,50+,False
,37,2024-07-22,NEGATIVO,,,30-39,False
,44,2024-07-22,NEGATIVO,,,40-49,False
,29,2024-07-22,NEGATIVO,,,20-29,False
,44,2024-07-23,NEGATIVO,,,40-49,False
,42,2024-07-23,ASC-US,,,40-49,True
,55,2024-07-23,NEGATIVO,,,50+,False
,40,2024-07-23,NEGATIVO,,,40-49,False
,65,2024-07-23,NEGATIVO,,,50+,False
,48,2024-07-23,NEGATIVO,,,40-49,False
,48,2024-07-23,NEGATIVO,,,40-49,False
,44,2024-07-23,NEGATIVO,,,40-49,False
,61,2024-07-24,NEGATIVO,,,50+,False
,50,2024-07-24,NEGATIVO,,,50+,False
,33,2024-07-24,NEGATIVO,,,30-39,False
,55,2024-07-24,NEGATIVO,,,50+,False
,27,2024-07-24,NEGATIVO,,,20-29,False
,56,2024-07-24,NEGATIVO,,,50+,False
,44,2024-07-24,NEGATIVO,,,40-49,False
,34,2024-07-25,NEGATIVO,,,30-39,False
,27,2024-07-25,NEGATIVO,,,20-29,False
,34,2024-07-25,NEGATIVO,,,30-39,False
,57,2024-07-25,NEGATIVO,,,50+,False
,43,2024-07-25,NEGATIVO,,,40-49,False
,39,2024-07-25,NEGATIVO,,,30-39,False
,31,2024-07-25,NEGATIVO,,,30-39,False
,57,2024-07-25,ASC-US,,,50+,True
,33,2024-07-25,NEGATIVO,,,30-39,False
,47,2024-07-25,NEGATIVO,,,40-49,False
,38,2024-07-26,NEGATIVO,,,30-39,False
,49,2024-07-26,NEGATIVO,,,40-49,False
,29,2024-07-26,NEGATIVO,,,20-29,False
,49,2024-07-26,NEGATIVO,,,40-49,False
,36,2024-07-29,NEGATIVO,,,30-39,False
,50,2024-07-29,NEGATIVO,,,50+,False
,61,2024-07-29,NEGATIVO,,,50+,False
,49,2024-07-29,NEGATIVO,,,40-49,False
,52,2024-07-29,NEGATIVO,,,50+,False
,30,2024-07-29,NEGATIVO,,,30-39,False
,52,2024-07-30,HSIL,,,50+,True
,35,2024-07-30,NEGATIVO,,,30-39,False
,58,2024-07-30,NEGATIVO,,,50+,False
,48,2024-07-30,NEGATIVO,,,40-49,False
,44,2024-07-30,NEGATIVO,,,40-49,False
,46,2024-07-30,ALTERADO,,,40-49,True
,42,2024-07-30,NEGATIVO,,,40-49,False
,42,2024-07-31,NEGATIVO,,,40-49,False
,37,2024-07-31,NEGATIVO,,,30-39,False
,35,2024-07-31,NEGATIVO,,,30-39,False
,54,2024-07-31,NEGATIVO,,,50+,False
,27,2024-07-31,NEGATIVO,,,20-29,False
,36,2024-08-01,NEGATIVO,,,30-39,False
,21,2024-08-01,NEGATIVO,,,20-29,False
,28,2024-08-01,NEGATIVO,,,20-29,False
,50,2024-08-01,NEGATIVO,,,50+,False
,50,2024-08-02,NEGATIVO,,,50+,False
,49,2024-08-02,NEGATIVO,,,40-49,False
,27,2024-08-02,NEGATIVO,,,20-29,False
,36,2024-08-02,NEGATIVO,,,30-39,False
,27,2024-08-04,NEGATIVO,,,20-29,False
,28,2024-08-05,NEGATIVO,,,20-29,False
,49,2024-08-05,NEGATIVO,,,40-49,False
,47,2024-08-06,NEGATIVO,,,40-49,False
,45,2024-08-06,NEGATIVO,,,40-49,False
,43,2024-08-07,NEGATIVO,,,40-49,False
,49,2024-08-07,NEGATIVO,,,40-49,False
,49,2024-08-08,NEGATIVO,,,40-49,False
,35,2024-08-08,NEGATIVO,,,30-39,False
,44,2024-08-09,NEGATIVO,,,40-49,False
,56,2024-08-09,NEGATIVO,,,50+,False
,59,2024-08-13,NEGATIVO,,,50+,False
,39,2024-08-13,NEGATIVO,,,30-39,False
,57,2024-08-13,NEGATIVO,,,50+,False
,51,2024-08-13,NEGATIVO,,,50+,False
,34,2024-08-14,NEGATIVO,,,30-39,False
,28,2024-08-14,NEGATIVO,,,20-29,False
,65,2024-08-14,NEGATIVO,,,50+,False
,50,2024-08-14,NEGATIVO,,,50+,False
,49,2024-08-15,NEGATIVO,,,40-49,False
,28,2024-08-15,NEGATIVO,,,20-29,False
,34,2024-08-15,NEGATIVO,,,30-39,False
,59,2024-08-15,NEGATIVO,,,50+,False
,33,2024-08-16,NEGATIVO,,,30-39,False
,51,2024-08-16,NEGATIVO,,,50+,False
,63,2024-08-16,NEGATIVO,,,50+,False
,42,2024-08-16,NEGATIVO,,,40-49,False
,30,2024-08-20,NEGATIVO,,,30-39,False
,42,2024-08-20,NEGATIVO,,,40-49,False
,47,2024-08-20,NEGATIVO,,,40-49,False
,59,2024-08-20,HSIL,,,50+,True
,50,2024-08-20,NEGATIVO,,,50+,False
,29,2024-08-20,NEGATIVO,,,20-29,False
,58,2024-08-20,NEGATIVO,,,50+,False
,50,2024-08-21,ASC-H,,,50+,True
,50,2024-08-21,NEGATIVO,,,50+,False
,47,2024-08-21,NEGATIVO,,,40-49,False
,47,2024-08-21,NEGATIVO,,,40-49,False
,51,2024-08-21,NEGATIVO,,,50+,False
,44,2024-08-22,NEGATIVO,,,40-49,False
,51,2024-08-22,NEGATIVO,,,50+,False
,34,2024-08-22,NEGATIVO,,,30-39,False
,47,2024-08-22,NEGATIVO,,,40-49,False
,36,2024-08-22,NEGATIVO,,,30-39,False
,37,2024-08-22,NEGATIVO,,,30-39,False
,48,2024-08-22,NEGATIVO,,,40-49,False
,35,2024-08-22,NEGATIVO,,,30-39,False
,27,2024-08-22,NEGATIVO,,,20-29,False
,62,2024-08-22,NEGATIVO,,,50+,False
,33,2024-08-23,NEGATIVO,,,30-39,False
,46,2024-08-23,NEGATIVO,,,40-49,False
,28,2024-08-23,NEGATIVO,,,20-29,False
,46,2024-08-23,NEGATIVO,,,40-49,False
,48,2024-08-23,NEGATIVO,,,40-49,False
,30,2024-08-23,NEGATIVO,,,30-39,False
,63,2024-08-23,NEGATIVO,,,50+,False
,50,2024-08-26,NEGATIVO,,,50+,False
,57,2024-08-26,NEGATIVO,,,50+,False
,33,2024-08-27,NEGATIVO,,,30-39,False
,49,2024-08-27,NEGATIVO,,,40-49,False
,42,2024-08-27,NEGATIVO,,,40-49,False
,54,2024-08-27,NEGATIVO,,,50+,False
,44,2024-08-27,NEGATIVO,,,40-49,False
,57,2024-08-28,NEGATIVO,,,50+,False
,39,2024-08-28,NEGATIVO,,,30-39,False
,30,2024-08-29,NEGATIVO,,,30-39,False
,39,2024-08-29,NEGATIVO,,,30-39,False
,35,2024-08-29,NEGATIVO,,,30-39,False
,47,2024-08-29,NEGATIVO,,,40-49,False
,60,2024-08-29,NEGATIVO,,,50+,False
,26,2024-08-29,NEGATIVO,,,20-29,False
,56,2024-08-29,NEGATIVO,,,50+,False
,58,2024-08-30,NEGATIVO,,,50+,False
,52,2024-08-30,NEGATIVO,,,50+,False
,43,2024-08-30,NEGATIVO,,,40-49,False
,58,2024-08-30,NEGATIVO,,,50+,False
,39,2024-08-30,LSIL,,,30-39,True
,33,2024-09-02,NEGATIVO,,,30-39,False
,56,2024-09-02,NEGATIVO,,,50+,False
,43,2024-09-02,NEGATIVO,,,40-49,False
,61,2024-09-03,NEGATIVO,,,50+,False
,64,2024-09-03,NEGATIVO,,,50+,False
,27,2024-09-03,NEGATIVO,,,20-29,False
,37,2024-09-04,NEGATIVO,,,30-39,False
,57,2024-09-04,NEGATIVO,,,50+,False
,47,2024-09-04,NEGATIVO,,,40-49,False
,42,2024-09-04,NEGATIVO,,,40-49,False
,26,2024-09-04,NEGATIVO,,,20-29,False
,30,2024-09-05,NEGATIVO,,,30-39,False
,34,2024-09-05,NEGATIVO,,,30-39,False
,27,2024-09-05,NEGATIVO,,,20-29,False
,57,2024-09-05,NEGATIVO,,,50+,False
,38,2024-09-05,NEGATIVO,,,30-39,False
,40,2024-09-05,NEGATIVO,,,40-49,False
,27,2024-09-05,NEGATIVO,,,20-29,False
,32,2024-09-05,NEGATIVO,,,30-39,False
,50,2024-09-06,NEGATIVO,,,50+,False
,35,2024-09-06,HSIL,,,30-39,True
,54,2024-09-06,NEGATIVO,,,50+,False
,30,2024-09-06,NEGATIVO,,,30-39,False
,58,2024-09-06,NEGATIVO,,,50+,False
,36,2024-09-06,NEGATIVO,,,30-39,False
,53,2024-09-06,NEGATIVO,,,50+,False
,35,2024-09-06,NEGATIVO,,,30-39,False
,45,2024-09-09,NEGATIVO,,,40-49,False
,45,2024-09-09,NEGATIVO,,,40-49,False
,48,2024-09-09,NEGATIVO,,,40-49,False
,44,2024-09-10,NEGATIVO,,,40-49,False
,37,2024-09-10,NEGATIVO,,,30-39,False
,46,2024-09-10,NEGATIVO,,,40-49,False
,38,2024-09-10,NEGATIVO,,,30-39,False
,54,2024-09-10,NEGATIVO,,,50+,False
,47,2024-09-10,NEGATIVO,,,40-49,False
,44,2024-09-11,NEGATIVO,,,40-49,False
,35,2024-09-11,NEGATIVO,,,30-39,False
,49,2024-09-11,NEGATIVO,,,40-49,False
,58,2024-09-11,ASC-H,,,50+,True
,43,2024-09-12,NEGATIVO,,,40-49,False
,50,2024-09-12,NEGATIVO,,,50+,False
,55,2024-09-12,NEGATIVO,,,50+,False
,59,2024-09-12,NEGATIVO,,,50+,False
,35,2024-09-12,NEGATIVO,,,30-39,False
,57,2024-09-12,NEGATIVO,,,50+,False
,54,2024-09-12,NEGATIVO,,,50+,False
,48,2024-09-12,NEGATIVO,,,40-49,False
,51,2024-09-12,NEGATIVO,,,50+,False
,38,2024-09-16,NEGATIVO,,,30-39,False
,47,2024-09-16,NEGATIVO,,,40-49,False
,41,2024-09-16,NEGATIVO,,,40-49,False
,35,2024-09-16,NEGATIVO,,,30-39,False
,55,2024-09-17,NEGATIVO,,,50+,False
,51,2024-09-17,NEGATIVO,,,50+,False
,45,2024-09-18,NEGATIVO,,,40-49,False
,48,2024-09-18,NEGATIVO,,,40-49,False
,44,2024-09-18,NEGATIVO,,,40-49,False
,27,2024-09-19,NEGATIVO,,,20-29,False
,43,2024-09-19,NEGATIVO,,,40-49,False
,49,2024-09-19,NEGATIVO,,,40-49,False
,54,2024-09-20,NEGATIVO,,,50+,False
,47,2024-09-20,NEGATIVO,,,40-49,False
,48,2024-09-20,NEGATIVO,,,40-49,False
,45,2024-09-20,LSIL,,,40-49,True
,50,2024-09-20,NEGATIVO,,,50+,False
,36,2024-09-20,HSIL,,,30-39,True
,46,2024-09-20,NEGATIVO,,,40-49,False
,42,2024-09-23,NEGATIVO,,,40-49,False
,48,2024-09-23,NEGATIVO,,,40-49,False
,26,2024-09-23,NEGATIVO,,,20-29,False
,34,2024-09-23,NEGATIVO,,,30-39,False
,50,2024-09-23,NEGATIVO,,,50+,False
,61,2024-09-23,NEGATIVO,,,50+,False
,41,2024-09-24,LSIL,,,40-49,True
,51,2024-09-24,NEGATIVO,,,50+,False
,55,2024-09-24,NEGATIVO,,,50+,False
,60,2024-09-26,NEGATIVO,,,50+,False
,44,2024-09-26,NEGATIVO,,,40-49,False
,45,2024-09-27,NEGATIVO,,,40-49,False
,26,2024-09-27,NEGATIVO,,,20-29,False
,47,2024-09-27,NEGATIVO,,,40-49,False
,45,2024-09-27,NEGATIVO,,,40-49,False
,43,2024-09-30,NEGATIVO,,,40-49,False
,53,2024-09-30,NEGATIVO,,,50+,False
,45,2024-09-30,NEGATIVO,,,40-49,False
,58,2024-10-01,HSIL,,,50+,True
,63,2024-10-01,NEGATIVO,,,50+,False
,28,2024-10-01,NEGATIVO,,,20-29,False
,46,2024-10-02,NEGATIVO,,,40-49,False
,45,2024-10-02,NEGATIVO,,,40-49,False
,49,2024-10-02,HSIL,,,40-49,True
,29,2024-10-02,NEGATIVO,,,20-29,False
,41,2024-10-02,NEGATIVO,,,40-49,False
,53,2024-10-02,NEGATIVO,,,50+,False
,29,2024-10-02,NEGATIVO,,,20-29,False
,51,2024-10-02,NEGATIVO,,,50+,False
,59,2024-10-02,NEGATIVO,,,50+,False
,48,2024-10-03,NEGATIVO,,,40-49,False
,27,2024-10-03,NEGATIVO,,,20-29,False
,44,2024-10-03,NEGATIVO,,,40-49,False
,35,2024-10-03,NEGATIVO,,,30-39,False
,48,2024-10-03,NEGATIVO,,,40-49,False
,61,2024-10-03,NEGATIVO,,,50+,False
,43,2024-10-03,NEGATIVO,,,40-49,False
,55,2024-10-04,NEGATIVO,,,50+,False
,35,2024-10-04,ASC-H,,,30-39,True
,46,2024-10-04,NEGATIVO,,,40-49,False
,51,2024-10-04,NEGATIVO,,,50+,False
,36,2024-10-04,NEGATIVO,,,30-39,False
,46,2024-10-04,NEGATIVO,,,40-49,False
,49,2024-10-04,NEGATIVO,,,40-49,False
,41,2024-10-04,NEGATIVO,,,40-49,False
,55,2024-10-04,NEGATIVO,,,50+,False
,28,2024-10-07,NEGATIVO,,,20-29,False
,28,2024-10-07,LSIL,,,20-29,True
,39,2024-10-07,NEGATIVO,,,30-39,False
,59,2024-10-07,NEGATIVO,,,50+,False
,51,2024-10-07,NEGATIVO,,,50+,False
,64,2024-10-07,NEGATIVO,,,50+,False
,49,2024-10-07,NEGATIVO,,,40-49,False
,46,2024-10-08,NEGATIVO,,,40-49,False
,30,2024-10-08,NEGATIVO,,,30-39,False
,51,2024-10-08,NEGATIVO,,,50+,False
,38,2024-10-08,NEGATIVO,,,30-39,False
,33,2024-10-08,NEGATIVO,,,30-39,False
,41,2024-10-09,NEGATIVO,,,40-49,False
,39,2024-10-09,NEGATIVO,,,30-39,False
,52,2024-10-09,ASC-US,,,50+,True
,36,2024-10-09,NEGATIVO,,,30-39,False
,44,2024-10-09,NEGATIVO,,,40-49,False
,48,2024-10-09,NEGATIVO,,,40-49,False
,57,2024-10-09,NEGATIVO,,,50+,False
,51,2024-10-09,NEGATIVO,,,50+,False
,34,2024-10-10,NEGATIVO,,,30-39,False
,52,2024-10-10,NEGATIVO,,,50+,False
,46,2024-10-10,NEGATIVO,,,40-49,False
,38,2024-10-10,NEGATIVO,,,30-39,False
,28,2024-10-10,NEGATIVO,,,20-29,False
,62,2024-10-10,NEGATIVO,,,50+,False
,49,2024-10-10,NEGATIVO,,,40-49,False
,47,2024-10-10,NEGATIVO,,,40-49,False
,44,2024-10-11,NEGATIVO,,,40-49,False
,51,2024-10-11,NEGATIVO,,,50+,False
,45,2024-10-11,ASC-US,,,40-49,True
,48,2024-10-11,NEGATIVO,,,40-49,False
,53,2024-10-11,NEGATIVO,,,50+,False
,50,2024-10-11,NEGATIVO,,,50+,False
,53,2024-10-11,NEGATIVO,,,50+,False
,49,2024-10-11,NEGATIVO,,,40-49,False
,61,2024-10-14,NEGATIVO,,,50+,False
,30,2024-10-14,NEGATIVO,,,30-39,False
,44,2024-10-14,ASC-H,,,40-49,True
,53,2024-10-14,NEGATIVO,,,50+,False
,56,2024-10-14,LSIL,,,50+,True
,51,2024-10-15,NEGATIVO,,,50+,False
,48,2024-10-15,ASC-H,,,40-49,True
,50,2024-10-15,NEGATIVO,,,50+,False
,55,2024-10-16,NEGATIVO,,,50+,False
,61,2024-10-16,NEGATIVO,,,50+,False
,47,2024-10-16,NEGATIVO,,,40-49,False
,49,2024-10-16,ASC-US,,,40-49,True
,52,2024-10-17,NEGATIVO,,,50+,False
,39,2024-10-17,NEGATIVO,,,30-39,False
,40,2024-10-17,NEGATIVO,,,40-49,False
,25,2024-10-17,NEGATIVO,,,20-29,False
,55,2024-10-17,NEGATIVO,,,50+,False
,36,2024-10-17,NEGATIVO,,,30-39,False
,51,2024-10-17,NEGATIVO,,,50+,False
,50,2024-10-18,NEGATIVO,,,50+,False
,42,2024-10-18,NEGATIVO,,,40-49,False
,27,2024-10-18,NEGATIVO,,,20-29,False
,28,2024-10-18,NEGATIVO,,,20-29,False
,56,2024-10-18,NEGATIVO,,,50+,False
,54,2024-10-18,NEGATIVO,,,50+,False
,50,2024-10-18,NEGATIVO,,,50+,False
,47,2024-10-18,NEGATIVO,,,40-49,False
,26,2024-10-18,NEGATIVO,,,20-29,False
,36,2024-10-21,NEGATIVO,,,30-39,False
,50,2024-10-21,NEGATIVO,,,50+,False
,60,2024-10-21,NEGATIVO,,,50+,False
,42,2024-10-21,NEGATIVO,,,40-49,False
,29,2024-10-22,NEGATIVO,,,20-29,False
,48,2024-10-22,NEGATIVO,,,40-49,False
,42,2024-10-22,INSATISFAT,,,40-49,True
,63,2024-10-23,NEGATIVO,,,50+,False
,63,2024-10-24,NEGATIVO,,,50+,False
,47,2024-10-24,NEGATIVO,,,40-49,False
,29,2024-10-24,NEGATIVO,,,20-29,False
,30,2024-10-24,NEGATIVO,,,30-39,False
,33,2024-10-24,NEGATIVO,,,30-39,False
,50,2024-10-24,NEGATIVO,,,50+,False
,63,2024-10-24,INSATISFAT,,,50+,True
,61,2024-10-24,NEGATIVO,,,50+,False
,46,2024-10-24,NEGATIVO,,,40-49,False
,45,2024-10-24,NEGATIVO,,,40-49,False
,43,2024-10-24,LSIL,,,40-49,True
,60,2024-10-25,NEGATIVO,,,50+,False
,45,2024-10-25,NEGATIVO,,,40-49,False
,43,2024-10-25,NEGATIVO,,,40-49,False
,46,2024-10-25,NEGATIVO,,,40-49,False
,52,2024-10-25,NEGATIVO,,,50+,False
,52,2024-10-25,NEGATIVO,,,50+,False
,44,2024-10-25,NEGATIVO,,,40-49,False
,26,2024-10-25,NEGATIVO,,,20-29,False
,46,2024-10-25,NEGATIVO,,,40-49,False
,44,2024-10-25,NEGATIVO,,,40-49,False
,55,2024-10-25,NEGATIVO,,,50+,False
,53,2024-10-28,NEGATIVO,,,50+,False
,29,2024-10-28,ASC-US,,,20-29,True
,27,2024-10-28,NEGATIVO,,,20-29,False
,43,2024-10-28,NEGATIVO,,,40-49,False
,64,2024-10-28,NEGATIVO,,,50+,False
,38,2024-10-28,NEGATIVO,,,30-39,False
,38,2024-10-28,NEGATIVO,,,30-39,False
,40,2024-10-29,NEGATIVO,,,40-49,False
,27,2024-10-29,NEGATIVO,,,20-29,False
,30,2024-10-29,NEGATIVO,,,30-39,False
,52,2024-10-29,NEGATIVO,,,50+,False
,48,2024-10-29,NEGATIVO,,,40-49,False
,47,2024-10-29,NEGATIVO,,,40-49,False
,44,2024-10-29,NEGATIVO,,,40-49,False
,34,2024-10-29,NEGATIVO,,,30-39,False
,32,2024-10-29,NEGATIVO,,,30-39,False
,57,2024-10-29,NEGATIVO,,,50+,False
,46,2024-10-29,NEGATIVO,,,40-49,False
,49,2024-10-29,NEGATIVO,,,40-49,False
,45,2024-10-29,NEGATIVO,,,40-49,False
,40,2024-10-29,NEGATIVO,,,40-49,False
,49,2024-10-29,NEGATIVO,,,40-49,False
,49,2024-10-29,NEGATIVO,,,40-49,False
,49,2024-10-30,NEGATIVO,,,40-49,False
,44,2024-10-30,NEGATIVO,,,40-49,False
,30,2024-10-30,NEGATIVO,,,30-39,False
,39,2024-10-30,NEGATIVO,,,30-39,False
,47,2024-10-31,NEGATIVO,,,40-49,False
,29,2024-10-31,NEGATIVO,,,20-29,False
,46,2024-10-31,NEGATIVO,,,40-49,False
,38,2024-10-31,NEGATIVO,,,30-39,False
,54,2024-10-31,NEGATIVO,,,50+,False
,54,2024-10-31,NEGATIVO,,,50+,False
,49,2024-11-01,NEGATIVO,,,40-49,False
,31,2024-11-01,NEGATIVO,,,30-39,False
,41,2024-11-01,NEGATIVO,,,40-49,False
,46,2024-11-01,NEGATIVO,,,40-49,False
,33,2024-11-04,NEGATIVO,,,30-39,False
,47,2024-11-04,NEGATIVO,,,40-49,False
,52,2024-11-04,NEGATIVO,,,50+,False
,48,2024-11-05,NEGATIVO,,,40-49,False
,45,2024-11-05,NEGATIVO,,,40-49,False
,63,2024-11-05,NEGATIVO,,,50+,False
,55,2024-11-05,NEGATIVO,,,50+,False
,27,2024-11-06,NEGATIVO,,,20-29,False
,34,2024-11-06,NEGATIVO,,,30-39,False
,45,2024-11-06,NEGATIVO,,,40-49,False
,36,2024-11-06,NEGATIVO,,,30-39,False
,45,2024-11-06,NEGATIVO,,,40-49,False
,42,2024-11-06,NEGATIVO,,,40-49,False
,61,2024-11-06,NEGATIVO,,,50+,False
,36,2024-11-07,NEGATIVO,,,30-39,False
,29,2024-11-07,NEGATIVO,,,20-29,False
,46,2024-11-07,NEGATIVO,,,40-49,False
,52,2024-11-07,NEGATIVO,,,50+,False
,49,2024-11-08,NEGATIVO,,,40-49,False
,32,2024-11-08,NEGATIVO,,,30-39,False
,31,2024-11-08,NEGATIVO,,,30-39,False
,26,2024-11-08,NEGATIVO,,,20-29,False
,37,2024-11-11,NEGATIVO,,,30-39,False
,37,2024-11-11,NEGATIVO,,,30-39,False
,43,2024-11-11,ASC-US,,,40-49,True
,27,2024-11-11,ASC-H,,,20-29,True
,43,2024-11-11,NEGATIVO,,,40-49,False
,44,2024-11-11,LSIL,,,40-49,True
,39,2024-11-11,NEGATIVO,,,30-39,False
,49,2024-11-12,NEGATIVO,,,40-49,False
,28,2024-11-12,NEGATIVO,,,20-29,False
,44,2024-11-12,NEGATIVO,,,40-49,False
,34,2024-11-12,NEGATIVO,,,30-39,False
,45,2024-11-12,NEGATIVO,,,40-49,False
,54,2024-11-12,NEGATIVO,,,50+,False
,35,2024-11-13,NEGATIVO,,,30-39,False
,43,2024-11-13,NEGATIVO,,,40-49,False
,34,2024-11-13,NEGATIVO,,,30-39,False
,44,2024-11-13,NEGATIVO,,,40-49,False
,29,2024-11-13,NEGATIVO,,,20-29,False
,37,2024-11-13,NEGATIVO,,,30-39,False
,62,2024-11-13,NEGATIVO,,,50+,False
,53,2024-11-13,NEGATIVO,,,50+,False
,42,2024-11-13,NEGATIVO,,,40-49,False
,40,2024-11-13,NEGATIVO,,,40-49,False
,38,2024-11-14,NEGATIVO,,,30-39,False
,54,2024-11-14,NEGATIVO,,,50+,False
,35,2024-11-14,NEGATIVO,,,30-39,False
,54,2024-11-14,NEGATIVO,,,50+,False
,51,2024-11-14,NEGATIVO,,,50+,False
,32,2024-11-14,NEGATIVO,,,30-39,False
,45,2024-11-14,NEGATIVO,,,40-49,False
,39,2024-11-18,NEGATIVO,,,30-39,False
,43,2024-11-18,NEGATIVO,,,40-49,False
,51,2024-11-18,NEGATIVO,,,50+,False
,40,2024-11-18,NEGATIVO,,,40-49,False
,38,2024-11-19,NEGATIVO,,,30-39,False
,49,2024-11-19,ASC-US,,,40-49,True
,58,2024-11-19,ASC-US,,,50+,True
,44,2024-11-19,NEGATIVO,,,40-49,False
,49,2024-11-19,ASC-H,,,40-49,True
,40,2024-11-21,NEGATIVO,,,40-49,False
,58,2024-11-21,NEGATIVO,,,50+,False
,45,2024-11-21,NEGATIVO,,,40-49,False
,57,2024-11-21,LSIL,,,50+,True
,57,2024-11-22,NEGATIVO,,,50+,False
,52,2024-11-22,NEGATIVO,,,50+,False
,46,2024-11-22,NEGATIVO,,,40-49,False
,38,2024-11-22,NEGATIVO,,,30-39,False
,43,2024-11-22,NEGATIVO,,,40-49,False
,26,2024-11-22,NEGATIVO,,,20-29,False
,31,2024-11-22,NEGATIVO,,,30-39,False
,42,2024-11-25,ASC-US,,,40-49,True
,29,2024-11-25,NEGATIVO,,,20-29,False
,27,2024-11-26,NEGATIVO,,,20-29,False
,45,2024-11-26,NEGATIVO,,,40-49,False
,39,2024-11-26,NEGATIVO,,,30-39,False
,29,2024-11-26,NEGATIVO,,,20-29,False
,29,2024-11-26,NEGATIVO,,,20-29,False
,44,2024-11-26,NEGATIVO,,,40-49,False
,55,2024-11-26,NEGATIVO,,,50+,False
,31,2024-11-26,NEGATIVO,,,30-39,False
,44,2024-11-26,NEGATIVO,,,40-49,False
,51,2024-11-26,NEGATIVO,,,50+,False
,34,2024-11-27,NEGATIVO,,,30-39,False
,32,2024-11-27,NEGATIVO,,,30-39,False
,44,2024-11-27,NEGATIVO,,,40-49,False
,35,2024-11-27,NEGATIVO,,,30-39,False
,40,2024-11-27,NEGATIVO,,,40-49,False
,45,2024-11-27,NEGATIVO,,,40-49,False
,43,2024-11-27,NEGATIVO,,,40-49,False
,42,2024-11-27,NEGATIVO,,,40-49,False
,43,2024-11-28,NEGATIVO,,,40-49,False
,56,2024-11-28,NEGATIVO,,,50+,False
,35,2024-11-28,NEGATIVO,,,30-39,False
,26,2024-11-28,NEGATIVO,,,20-29,False
,45,2024-11-28,NEGATIVO,,,40-49,False
,55,2024-11-28,NEGATIVO,,,50+,False
,38,2024-11-29,NEGATIVO,,,30-39,False
,42,2024-11-29,NEGATIVO,,,40-49,False
,49,2024-11-29,NEGATIVO,,,40-49,False
,49,2024-11-29,NEGATIVO,,,40-49,False
,51,2024-11-29,NEGATIVO,,,50+,False
,51,2024-11-29,NEGATIVO,,,50+,False
,47,2024-12-02,NEGATIVO,,,40-49,False
,62,2024-12-02,NEGATIVO,,,50+,False
,53,2024-12-02,NEGATIVO,,,50+,False
,49,2024-12-02,NEGATIVO,,,40-49,False
,45,2024-12-02,NEGATIVO,,,40-49,False
,44,2024-12-02,NEGATIVO,,,40-49,False
,44,2024-12-02,NEGATIVO,,,40-49,False
,45,2024-12-02,NEGATIVO,,,40-49,False
,54,2024-12-03,NEGATIVO,,,50+,False
,28,2024-12-03,NEGATIVO,,,20-29,False
,31,2024-12-03,NEGATIVO,,,30-39,False
,48,2024-12-03,NEGATIVO,,,40-49,False
,35,2024-12-03,NEGATIVO,,,30-39,False
,44,2024-12-03,NEGATIVO,,,40-49,False
,32,2024-12-03,NEGATIVO,,,30-39,False
,47,2024-12-04,NEGATIVO,,,40-49,False
,45,2024-12-04,NEGATIVO,,,40-49,False
,39,2024-12-04,INSATISFAT,,,30-39,True
,41,2024-12-05,NEGATIVO,,,40-49,False
,54,2024-12-05,HSIL,,,50+,True
,57,2024-12-05,NEGATIVO,,,50+,False
,48,2024-12-06,NEGATIVO,,,40-49,False
,28,2024-12-06,NEGATIVO,,,20-29,False
,26,2024-12-06,NEGATIVO,,,20-29,False
,34,2024-12-06,NEGATIVO,,,30-39,False
,55,2024-12-06,NEGATIVO,,,50+,False
,41,2024-12-06,NEGATIVO,,,40-49,False
,46,2024-12-06,NEGATIVO,,,40-49,False
,35,2024-12-06,NEGATIVO,,,30-39,False
,41,2024-12-09,NEGATIVO,,,40-49,False
,61,2024-12-09,NEGATIVO,,,50+,False
,36,2024-12-09,NEGATIVO,,,30-39,False
,46,2024-12-09,INSATISFAT,,,40-49,True
,55,2024-12-10,NEGATIVO,,,50+,False
,57,2024-12-10,NEGATIVO,,,50+,False
,28,2024-12-10,NEGATIVO,,,20-29,False
,51,2024-12-10,NEGATIVO,,,50+,False
,33,2024-12-10,ASC-H,,,30-39,True
,42,2024-12-10,NEGATIVO,,,40-49,False
,28,2024-12-10,NEGATIVO,,,20-29,False
,27,2024-12-10,NEGATIVO,,,20-29,False
,45,2024-12-10,NEGATIVO,,,40-49,False
,36,2024-12-11,NEGATIVO,,,30-39,False
,52,2024-12-11,NEGATIVO,,,50+,False
,45,2024-12-12,NEGATIVO,,,40-49,False
,42,2024-12-12,NEGATIVO,,,40-49,False
,45,2024-12-12,NEGATIVO,,,40-49,False
,64,2024-12-12,NEGATIVO,,,50+,False
,50,2024-12-12,NEGATIVO,,,50+,False
,51,2024-12-13,NEGATIVO,,,50+,False
,28,2024-12-30,ASC-H,,,20-29,True
